序号,域,slug,标题,一句话主张(summary),证据等级,库内状态,引用核查,引用来源,引用链接,终审结论(通过/改写/下架),修改建议,复核人,日期
1,behavior,activation-before-motivation,先行动，动机后到,行为激活的核心：等有动力再动是死循环；先动，情绪与动机往往随后改善。,A,verified,verified,Clinical Psychology: Science and Practice / Clinical Psychology Review,https://www.sciencedirect.com/science/article/pii/S0272735826000929,,,,
2,behavior,behavioural-activation-first-step,行为激活：先动，再调整情绪,情绪低落时先安排一件具体的小活动，而不是先解决心情——情绪常在行为之后改善。,A,verified,verified,Clinical Psychology: Science and Practice / Clinical Psychology Review,https://www.sciencedirect.com/science/article/pii/S0272735826000929,,,,
3,behavior,cue-reliability-check,选锚点前先做可靠性自查,锚点必须「每天都发生」才算合格；偶尔发生的锚点挂不住习惯。,C,verified,practitioner,行为改变实践共识,,,,,
4,behavior,environment-design,环境设计：让好行为更容易、坏行为更麻烦,改变环境比改变意志力省力：把手机放远、把书放近。,C,verified,canonical,行为科学综述,,,,,
5,behavior,first-step-ugly,先做最丑的那一步,把任务中最容易让人退缩的部分放到最前面（打开文档、发出第一条消息）。,C,verified,practitioner,行为改变实践共识,,,,,
6,behavior,friction-and-variability,摩擦与「稳定性」的关系（部分争议）,改变环境摩擦被认为能替代意志力；但「稳定性优势」的普遍性存在争论。,C,verified,canonical,行为科学综述,https://en.wikipedia.org/wiki/Choice_architecture,,,,
7,behavior,friction-for-bad-habits,反向摩擦：给坏行为加一步,提高干扰行为的摩擦成本，比压制它更有效——把诱惑从顺手变成费事。,C,verified,canonical,行为科学综述,https://en.wikipedia.org/wiki/Nudge_theory,,,,
8,behavior,friction-reduction,削减摩擦：让好行为少一步,改变环境比改变意志力省力——把需要的材料提前备好，让开始不需要额外决策。,C,verified,canonical,行为经济学与行为科学综述,https://en.wikipedia.org/wiki/Choice_architecture,,,,
9,behavior,habit-context-stability,情境稳定比次数更关键,同一行为在固定情境下重复才容易自动化；换环境会显著削弱自动化程度。,B,verified,canonical,European Journal of Social Psychology / Healthcare,https://en.wikipedia.org/wiki/Habit,,,,
10,behavior,habit-cue-based-planning,情境化计划：把新习惯绑到具体作息节点,把「我要每天跑 3 公里」改写成「如果晚饭后换好运动鞋，我就跑 3 公里」，可操作性与执行率都更高。,B,verified,canonical,行为改变实施研究,,,,,
11,behavior,habit-cue-based-vs-decision,靠线索触发，不靠每天重新决策,把行为绑定到情境线索上，能减少每次都要「决定要不要做」的消耗。,B,verified,canonical,行为科学综述,https://en.wikipedia.org/wiki/Habit,,,,
12,behavior,habit-cue-crease-budget,每次只留一个主线索,给同一行为配置太多触发线索会造成互相干扰；一个主线索更容易形成稳定联结。,C,verified,practitioner,行为改变实践共识,,,,,
13,behavior,habit-cue-routine-reward,习惯三环：线索 → 行为 → 奖赏,习惯不是靠重复次数堆出来的，而是靠「特定线索稳定触发了同一行为」。,B,verified,canonical,Perspectives on Psychological Science,https://en.wikipedia.org/wiki/Habituation,,,,
14,behavior,habit-formation-loop,习惯靠重复与稳定情境，而非意志力,在固定情境里重复，行为会逐渐自动化；平均需要约 66 天，个体差异很大。坚持不下来多半不是意志力问题，是情境没固定。,B,verified,canonical,European Journal of Social Psychology,https://en.wikipedia.org/wiki/Habit_formation,,,,
15,behavior,habit-formation-times,养成一个习惯要多久：没有 21 天这回事,习惯形成时间个体差异极大（研究中位数约 59-66 天，个体范围可到数月到一年）；用固定天数承诺或判失败都不准。,A,verified,canonical,European Journal of Social Psychology / Healthcare,https://pubmed.ncbi.nlm.nih.gov/21093373/,,,,
16,behavior,habit-instigation-vs-execution,启动自动化 ≠ 执行自动化,复杂行为（健身、学习）往往先把「开始」自动化了，执行过程仍靠意志——这是很多人「习惯养成了但还是没做」的原因。,B,verified,verified,"Social and Personality Psychology Compass, 18(6), e12975",https://doi.org/10.1111/spc3.12975,,,,
17,behavior,habit-maintenance-after-success,达标后为何反而不做了：奖励点重置,到达一个奖励点后动力会明显回落（拿到免费咖啡后购买频率骤降），随后重新累积——这是常见「刚成功就停摆」的原因。,B,verified,verified,"Journal of Marketing Research, Vol. XLIII (Feb), 39-58",https://business.columbia.edu/faculty/research/goal-gradient-hypothesis-resurrected-purchase-acceleration-illusionary-goal,,,,
18,behavior,habit-measure-consistency,看「一致性」而不是「完美度」,长期效果更取决于行为在时间轴上的分布是否稳定，而非某几天是否满分。,B,verified,canonical,Healthcare（2024 系统综述）/ 纵向研究,https://www.bps.org.uk/psychologist/new-year-resolutions-what-makes-them-stick,,,,
19,behavior,habit-missing-one-day,漏一天不会前功尽弃,已经中断之后不必重头再来：错过一次对自动化轨迹没有可测量的影响，恢复的关键是尽快回到原来的线索，而不是把损失补回来。,B,verified,canonical,European Journal of Social Psychology,https://en.wikipedia.org/wiki/Habit,,,,
20,behavior,habit-relapse-protocol,中断处理协议：立刻重排，不是重启,正确的中断处理是把下一次执行排进日程，越快越好；把「重启仪式」当成启动门槛反而是二次阻力。,C,verified,canonical,行为改变实践共识,,,,,
21,behavior,habit-research-selfcritique,⚠️ 习惯研究自我批评：领域内部争论,习惯研究的前沿研究者自己指出：习惯形成在真实复杂行为中可能被高估，且既非必要也非充分条件。,B,contested,verified,"Social and Personality Psychology Compass, 18(6), e12975",https://doi.org/10.1111/spc3.12975,,,,
22,behavior,habit-stack-overload,同时改多个习惯，几乎必失败,并行改多个新习惯会分散线索与注意力，导致每个都难以自动化。,C,verified,practitioner,行为改变实践共识,,,,,
23,behavior,habit-stacking-anchor,习惯叠加：把新行为挂在旧习惯后面,与其凭空造一个新习惯，不如把它接在已经稳定的动作后面。,B,verified,practitioner,实践方法（机制有行为科学支撑）,,,,,
24,behavior,habit-strength-vs-effort,习惯强度 ≠ 当下需要的努力,习惯自动化程度与执行该行为所需的当下努力是两件事；高自动化行为仍可在疲劳时失败。,B,verified,verified,"Social and Personality Psychology Compass, 18(6), e12975",https://doi.org/10.1111/spc3.12975,,,,
25,behavior,habit-tracking-minimal,追踪要轻到不成为负担,记录的目的是给你反馈，不是打卡排名；记录成本一旦超过行为本身，追踪就会变成新的阻力。,C,verified,practitioner,行为改变实践共识,,,,,
26,behavior,habit-two-week-regression,早期反复是正常轨迹，不是失败信号,自动化形成前必然反复波动；早期表现不稳定是过程的一部分。,B,verified,canonical,European Journal of Social Psychology,https://en.wikipedia.org/wiki/Habit,,,,
27,behavior,implement-if-then-obstacle,针对障碍写 if-then，而不是针对目标写,WOOP 的第四步：障碍必须是**内在的**（我的犹豫/完美主义），然后为它写一条 if-then。,A,verified,verified,"Frontiers in Psychology, 12, 565202",https://doi.org/10.3389/fpsyg.2021.565202,,,,
28,behavior,implementation-cue-spec,把「何时何地」写死：触发规格,明确到具体时间、地点、动作的计划，执行率显著高于只写意图——这是全库证据最强的一条。,A,verified,verified,"Advances in Experimental Social Psychology, 38, 69-119",https://doi.org/10.1016/S0065-2601(06)38002-1,,,,
29,behavior,implementation-intention-fatigue,旧计划会失效，要随情境更新,if-then 计划绑定的是特定情境；情境变了之后机械执行旧计划反而是阻碍。,B,verified,canonical,"Advances in Experimental Social Psychology, 38, 69-119",https://doi.org/10.1016/S0065-2601(06)38002-1,,,,
30,behavior,implementation-intentions,实施意图：如果…就…比「我要努力」管用,把计划写成具体的 if-then（何时何地做什么），执行率显著提高。,B,verified,verified,Advances in Experimental Social Psychology,https://en.wikipedia.org/wiki/Implementation_intention,,,,
31,behavior,implementation-vs-goal-intent,目标意图 vs 实施意图：为什么「我一定要」没用,「我要完成X」只是目标意图，不指定时机；实施意图补上「何时何地」，才是把意图变行动的那一步。,A,verified,verified,American Psychologist / Advances in Experimental Social Psychology,https://en.wikipedia.org/wiki/Implementation_intention,,,,
32,behavior,interrupt-batch-handling,碎片事务批量处理,把回消息、填表这类碎片事务集中到固定时段，减少切换次数。,D,verified,practitioner,实践方法,,,,,
33,behavior,micro-habit-start,微习惯：把门槛降到不可能拒绝,启动阻力主要来自「动作太大」，把动作缩到不可能失败的程度，先解决开始。,C,verified,practitioner,实践方法（机制有实证支撑）,https://en.wikipedia.org/wiki/Microhabits,,,,
34,behavior,minimum-action-floor,最小行动下限：再差也做这一步,在能量极低的日子，仍执行一个预定义的最小动作，以维持线索与自动化不被清零。,C,verified,canonical,行为改变实践共识,,,,,
35,behavior,task-ambiguity-fog,任务模糊是拖延的三大主因之一,「不知道从哪下手」比任务本身更难——模糊任务引发的焦虑无法被意志力直接处理。,B,verified,verified,"Social and Personality Psychology Compass, 7(2), 115-127",https://doi.org/10.1111/spc3.12011,,,,
36,behavior,task-aversion-reduction,降低任务厌恶感,改变任务本身带来的感受，比对抗它更有效——加结构、减模糊、去评价威胁。,A,verified,canonical,"Psychological Bulletin, 133(1), 65-94",https://doi.org/10.1037/0033-2909.133.1.65,,,,
37,behavior,task-timeline-friction,先写时间线，再执行,把任务放进具体时段能消除「什么时候做」的临场决策，从而减少启动摩擦。,C,verified,practitioner,行为改变实践共识,https://en.wikipedia.org/wiki/Time_blocking,,,,
38,behavior,two-minute-start,两分钟启动法,承诺只做两分钟——门槛低到启动不产生情绪，而启动本身就解决了大部分问题。,C,verified,practitioner,实践方法,,,,,
39,cognitive,attention-residue,注意力残留：切换有成本,从任务 A 切到 B 之后，A 的未完成部分仍占用认知资源——这才是多任务的真实代价。,B,verified,canonical,Organizational Behavior and Human Decision Processes,https://doi.org/10.1016/j.obhdp.2009.04.002,,,,
40,cognitive,attention-residue-not-depletion,用「残留」而不是「耗竭」解释切换成本,切换任务的代价主要来自未完成任务的持续占用，而非自控资源被消耗——后者已被复制危机削弱。,B,verified,canonical,Organizational Behavior and Human Decision Processes,https://doi.org/10.1016/j.obhdp.2009.04.002,,,,
41,cognitive,attention-single-task,单任务：一次只做一件事,并行处理会持续付出切换成本，实际完成量低于串行。,C,verified,canonical,注意力研究综述与实践共识,https://en.wikipedia.org/wiki/Attention_span,,,,
42,cognitive,cognitive-load-theory,认知负荷理论：先降无关负荷，再谈努力,学习效果差常常来自「呈现方式」而非「内容难度」；先把无谓的负荷砍掉。,C,verified,verified,Cognitive Science,https://en.wikipedia.org/wiki/Cognitive_load,,,,
43,cognitive,desirable-difficulty,合意困难：学得「有点费劲」才记得牢,让学习变简单（划重点、重读、连刷同类题）会降低长期保持。适度困难反而有益。,B,verified,canonical,Journal of Applied Research in Memory and Cognition,,,,,
44,cognitive,dual-coding,双重编码：文字配结构图，别重复别堆砌,同一信息同时用言语与视觉两条通道编码，记忆更强。,C,verified,canonical,Cambridge University Press,https://en.wikipedia.org/wiki/Dual-coding_theory,,,,
45,cognitive,elaborative-interrogation,精细追问：不停问「为什么」,对事实追问「为什么是这样、和我知道的有什么联系」，能显著提升记忆与理解。,C,verified,canonical,Psychological Science in the Public Interest,,,,,
46,cognitive,generation-effect,生成效应：自己造出来的记得更牢,由自己生成答案（而非读现成答案）的记忆更持久。,B,verified,canonical,Journal of Experimental Psychology: Human Learning and Memory,,,,,
47,cognitive,inhibitory-control-develop,抑制控制可以训练，但迁移有限,反复练习抑制冲动可能有帮助，但收益小且难以迁移到日常场景。,C,verified,canonical,自我调节研究综述,https://en.wikipedia.org/wiki/Self-control,,,,
48,cognitive,interleaving,交错练习：把不同类型的题混着做,同类型题连着刷会「手感很好、考试就废」；混着练更接近真实考试。,B,verified,canonical,Instructional Science,,,,,
49,cognitive,interruption-cost-switch,中断的恢复成本高于切换本身,被打断后回到原任务的成本常被低估；恢复时间通常远大于切换时间。,B,verified,canonical,Proceedings of CHI,https://en.wikipedia.org/wiki/Task_switching,,,,
50,cognitive,metacognitive-monitoring,元认知：知道自己哪里不会最值钱,学习最大的陷阱是以为会了。定期自测校准判断，把时间投到真正不会的地方。,B,verified,canonical,学习科学综述,,,,,
51,cognitive,mindfulness-attention,正念与注意力：谨慎表述,正念训练对注意力与情绪调节有小到中等效应；不宜夸大为「提高专注力」的灵丹妙药。,A,verified,canonical,"JAMA Internal Medicine, 174(3), 357-368",https://en.wikipedia.org/wiki/Mindfulness,,,,
52,cognitive,prospective-memory-if-then,实施意图改善前瞻记忆,「记得以后做某事」是前瞻记忆任务，if-then 计划能中等程度改善它。,A,verified,verified,"Psychiatry Research, 226(1), 14-22",https://pubmed.ncbi.nlm.nih.gov/25639373/,,,,
53,cognitive,retrieval-practice,检索练习（测试效应）：考自己比再读一遍强,主动回忆一次，胜过被动重读多次；重读会制造「我懂了」的错觉。,A,verified,verified,Psychological Science,https://pubmed.ncbi.nlm.nih.gov/16507066/,,,,
54,cognitive,retrospective-peak-end-rule,峰终定律：记忆由峰值与结尾决定,对一段经历的整体评价，主要由最强烈的瞬间与结尾决定，而非时长与平均感受——这可以直接用来设计学习的收尾。,A,verified,canonical,Organizational Behavior and Human Decision Processes / Pain,https://en.wikipedia.org/wiki/Peak%E2%80%93end_rule,,,,
55,cognitive,spacing-effect,间隔效应：分散学比集中学记得久,同样总时长，拆成多次、拉开间隔，长期记忆显著更好。,A,verified,verified,Psychological Bulletin,https://en.wikipedia.org/wiki/Spacing_effect,,,,
56,cognitive,working-memory-cognitive-load-dt,认知负荷高的时段别做重要决策,高负荷状态下判断质量下降更可能来自负荷累积，而非意志力资源耗尽。,B,verified,canonical,行为科学综述,https://www.thebehavioralscientist.com/glossary/decision-fatigue,,,,
57,cognitive,working-memory-limit,工作记忆只有 4 个左右的槽位,同时能主动处理的信息单元极少，超出就会漏。学不动往往是「超载」，不是「笨」。,C,verified,canonical,Psychological Review / Behavioral and Brain Sciences,https://en.wikipedia.org/wiki/Working_memory,,,,
58,competition,experiment-design,实验设计：变量、对照、误差三者缺一不可,好的实验能排除其他解释；差的实验只能产生一个数字。,C,verified,canonical,科研方法共识,,,,,
59,competition,literature-search,文献检索：三层漏斗找得又快又准,先用关键词铺开，再用引文追溯收窄，最后按质量筛选。,C,verified,canonical,信息素养教育共识,,,,,
60,competition,mcm-3day-timeline,数模 3 天赛程：时间线怎么分,3 天不是写论文三天，而是选题、建模、求解、写作四条线并行。,D,verified,practitioner,竞赛实践共识,https://www.comap.com/contests/mcm-icm,,,,
61,competition,mcm-playbook,数学建模打法：抽象→假设→建模→求解→验证→论文,数模考的不是会不会某个模型，是把开放问题变成可解模型并说清楚的能力。,D,verified,practitioner,竞赛实践共识,https://www.comap.com/contests/mcm-icm,,,,
62,competition,team-project-management,竞赛团队：分工要按能力类型，不按人头,团队效率取决于角色是否覆盖建模、计算、写作、统筹，而非人多。,D,verified,practitioner,项目管理共识,,,,,
63,discipline,engineering-method,工科：从问题出发，边做边建直觉,工科靠做出来：动手、仿真、调参、失败修正的循环。,C,verified,canonical,工程教育共识,,,,,
64,discipline,humanities-method,文科：读—议—写，三件事都要练,文科能力体现在理解与表达：会读（提取论点）、会议（批判）、会写（结构化论证）。,C,verified,canonical,通识教育共识,,,,,
65,discipline,science-math-method,理科：定义→定理→例题→推导的闭环,理科不是背结论，是能把结论推出来、并知道它从哪来。,C,verified,canonical,学科教学共识,,,,,
66,exam,exam-strategy,应试三板斧：真题驱动 + 错题本 + 模考,以真题定方向，以错题定重点，以模考定节奏。,C,verified,practitioner,备考实践共识,,,,,
67,exam,mock-exam-analysis,模考后必须做卷面分析，不然白考,模考的价值在复盘：超时分布、错因归类、策略调整。,D,verified,practitioner,备考实践共识,,,,,
68,metacognitive,progress-tracking-deception,完成度幻觉：清单不等于进展,勾掉的格子数量常与实际掌握程度脱钩；进度条容易给出虚假的完成感。,C,verified,canonical,学习科学综述,https://en.wikipedia.org/wiki/Metacognition,,,,
69,neuro,circadian-chronotype,找到你的高效时段，把硬骨头放进那里,人的认知峰值随时间不同（晨型/夜型）；把最难的任务排在个人峰值段，收益最大。,C,verified,canonical,Journal of Biological Rhythms / Sleep Medicine Reviews,https://en.wikipedia.org/wiki/Chronotype,,,,
70,neuro,sleep-memory-consolidation,睡眠是记忆的固化时段，不是可牺牲的,熬夜刷夜学到的内容，第二天记住的远少于睡够的人。,B,verified,verified,Wikipedia 综述条目 / Nature Reviews Neuroscience,https://en.wikipedia.org/wiki/Memory_consolidation,,,,
71,neuro,ultradian-rhythm,注意力有约 90 分钟的起伏周期,专注不是越久越好；一个深度周期后应有短暂休整，否则效率陡降。,C,verified,canonical,生理节律综述,https://en.wikipedia.org/wiki/Ultradian_rhythm,,,,
72,psych,anger-rumination,愤怒的反刍：越想越气且不解决,反复回想愤怒事件会维持甚至升高愤怒，且不产生任何行动；表达与重评更有效。,B,verified,canonical,Journal of Abnormal Psychology,https://en.wikipedia.org/wiki/Rumination,,,,
73,psych,anxiety-vs-stress-distinguish,焦虑与压力别混谈,压力多与具体情境绑定且有明确对象；焦虑常无明确对象并持续存在。处理方式不同。,C,verified,canonical,心理健康教育通识,https://en.wikipedia.org/wiki/Anxiety_disorder,,,,
74,psych,cold-calls-priming,先做最难的事（机制有争议，作提示）,把最费力的任务放在一天开始——这个建议广泛流传，但其核心理论依据（意志力耗竭）已进入复制危机。,D,contested,practitioner,实践建议（机制证据弱）,https://pubmed.ncbi.nlm.nih.gov/34520296/,,,,
75,psych,commitment-contract-stake,承诺契约：押金的设计要点,有效的契约需自选目标、真实代价、第三方验证，且代价量级与信心匹配。,B,verified,canonical,"Quarterly Journal of Economics, 121(2), 635-672",https://www.nber.org/papers/w11339,,,,
76,psych,commitment-device-contract,承诺装置：用真实代价锁住承诺,预先承诺「做不到就损失什么」，比事后激励更能改变行为——代价过低则无效。,B,verified,canonical,"Quarterly Journal of Economics, 121(2), 635-672",https://www.nber.org/papers/w11339,,,,
77,psych,commitment-self-control-channel,承诺装置要自带退出条件,有效承诺装置需包含明确的退出路径，否则会因过度承诺而崩溃。,B,verified,canonical,行为经济学综述,https://www.nber.org/papers/w11339,,,,
78,psych,counterfactual-regret-self-forgiveness,自我宽恕的实证基础,宽恕自己的失误能减少负面情绪，因而减少下一次回避；关键在机制而非道德。,B,verified,verified,"Personality and Individual Differences, 48(7), 803-808",https://doi.org/10.1016/j.paid.2010.01.029,,,,
79,psych,decision-fatigue-contested,⚠️ 决策疲劳：有争议的机制,长时段决策后质量下降的现象较可靠，但「意志力资源耗竭」的机制解释已被质疑。,B,contested,canonical,"PNAS, 108(17), 6889-6892 / PNAS, 108(42), E833 / Judgment and Decision Making, 11(6), 601-610",https://doi.org/10.1073/pnas.1018033108,,,,
80,psych,default-option-effect,默认选项效应：多数人不改现状,把选项的默认值设成你想要的结果，多数人就会跟着走——因为改默认的成本高于保持。,B,verified,canonical,Yale University Press,https://en.wikipedia.org/wiki/Nudge_theory,,,,
81,psych,delay-discounting,延迟折扣：为什么「以后再说」总是赢,对未来的收益打折是人类默认设定；折扣率随延迟增大而上升，这让长期目标天然吃亏。,B,verified,canonical,行为经济学与行为神经科学综述,https://en.wikipedia.org/wiki/Discounting,,,,
82,psych,deliberate-practice,刻意练习：练自己最弱、且有反馈的那部分,重复已经会的不是练习，是舒适。进步发生在「略超出能力、且有纠正反馈」的区间。,B,verified,canonical,Psychological Review,,,,,
83,psych,distress-tolerance-distraction,分心作为临时策略,短时转移注意能降低当下痛苦，但长期依赖分音乐会回避问题本身。,C,verified,canonical,情绪科学综述,https://en.wikipedia.org/wiki/Emotion_regulation,,,,
84,psych,ego-depletion-contested,⚠️ 自控肌力模型：处于复制危机,「自控是会被耗尽的有限资源」这一经典模型，未能通过多实验室预注册复制；应作为历史视角而非现行结论。,A,contested,verified,"Psychological Science, 32(10), 1566-1581 / Perspectives on Psychological Science, 11(4), 546-573 / JPSP, 74(5), 1252-1265",https://pubmed.ncbi.nlm.nih.gov/34520296/,,,,
85,psych,emotion-avoidance-urge-surf,接纳冲动：先不冲动，再决定做不做,冲动升起时不立即行动，也不强行压制；观察它，通常几分钟内自行减弱。,B,verified,canonical,临床取向心理治疗框架,https://en.wikipedia.org/wiki/Acceptance_and_commitment_therapy,,,,
86,psych,emotion-before-reason,情绪先于理性判断,情绪反应通常快于认知评估；试图「先讲道理再谈感受」常失败。,B,verified,canonical,Emotion Review / Houghton Mifflin Harcourt,https://en.wikipedia.org/wiki/Emotion,,,,
87,psych,emotion-behaviour-chain,情绪—行为链：找出触发点,记录「情境 → 身体感觉 → 念头 → 冲动 → 行为」，能看清卡点在哪一环，从而定点处理。,C,verified,canonical,情绪科学综述,https://en.wikipedia.org/wiki/Emotion,,,,
88,psych,emotion-regulation-flexibility,调节灵活性：按情境换策略,没有万能的情绪调节法；关键是能否根据情境切换（该重评时重评，该分心时分心）。,B,verified,canonical,情绪科学综述,https://en.wikipedia.org/wiki/Emotion_regulation,,,,
89,psych,endowed-progress-effect,赋予进展：预盖章的卡更快完成,剩余工作相同的情况下，「看起来已开始」的方案完成更快（12.7 天 vs 15.6 天）。,B,verified,verified,"Journal of Consumer Research, 32(4), 504 / Journal of Marketing Research, 43, 39-58",https://academic.oup.com/jcr/article-abstract/32/4/504/1787425,,,,
90,psych,energy-not-time-task-match,按能量分任务，不只按时钟,同一个人在不同能量水平适合不同难度；按状态分配任务比按固定时段更准。,C,verified,canonical,行为科学实践共识,https://en.wikipedia.org/wiki/Chronotype,,,,
91,psych,escalation-of-commitment,承诺升级：不停追加已失败的投入,投入越多越难放手，尤其当决策者与初始决策者是同一人时。,B,verified,canonical,"Administrative Science Quarterly, 21",https://en.wikipedia.org/wiki/Escalation_of_commitment,,,,
92,psych,exam-stress-recovery-window,考后需要一个复原窗口,考后立即投入下一轮是常见错误；情绪与精力需要几天恢复，过早启动会累积损耗。,C,verified,practitioner,备考实践共识,,,,,
93,psych,expectation-of-failure-loom,「想到就难受」的预期被放大,真正做起来往往没有预想的那么糟；拖延期间被放大的恐惧，多数来自想象而非事实。,B,verified,canonical,动机与情绪研究综述,https://en.wikipedia.org/wiki/Procrastination,,,,
94,psych,fear-of-failure-hierarchy,失败恐惧的四种认知来源,「怕失败」其实是几种不同机制：怕能力不足、怕他人评价、怕付出落空、怕失去控制。,C,verified,canonical,动机心理学经典框架,https://en.wikipedia.org/wiki/Fear_of_failure,,,,
95,psych,flow,心流：难度与能力匹配时最投入,任务太难会焦虑、太易会无聊；调到略超能力一点点最容易进入专注状态。,C,verified,canonical,Harper & Row,https://en.wikipedia.org/wiki/Flow_(psychology),,,,
96,psych,goal-accountability-partner,问责伙伴：外部承诺装置,找一个会真的问、也真的在意结果的人，比自己对自己承诺更有效。,B,verified,canonical,Quarterly Journal of Economics / 行为科学,https://www.nber.org/papers/w11339,,,,
97,psych,goal-discrete-milestone,离散里程碑优于连续模糊目标,「跑完 100 公里」不如「本周完成 4 次、每次 3 公里」——带真实终点的离散目标才有推进感。,B,verified,verified,"Journal of Marketing Research 43, 39-58",https://business.columbia.edu/faculty/research/goal-gradient-hypothesis-resurrected-purchase-acceleration-illusionary-goal,,,,
98,psych,goal-feedback-loop,反馈要看，但要选对频率,反馈能修正方向，但过密反馈会把过程变成被监控，反而增加负担与表演性。,C,verified,canonical,动机与学习科学综述,https://en.wikipedia.org/wiki/Self-determination_theory,,,,
99,psych,goal-first-action-rehearsal,目标要落到第一个物理动作,「我打算健身」不算目标；「明天晚上 8 点换好鞋跑 3 公里」才是。模糊目标最容易引发拖延。,C,verified,canonical,行为改变实践共识,https://en.wikipedia.org/wiki/Procrastination,,,,
100,psych,goal-gradient-endowed-progress,赋予进展：预先计入已完成的量,剩余工作相同但「看起来已经开始」的方案完成更快——因为主观剩余距离更短。,B,verified,verified,"Journal of Marketing Research / Journal of Consumer Research, 32(4), 504",https://academic.oup.com/jcr/article-abstract/32/4/504/1787425,,,,
101,psych,goal-gradient-is-not-willpower,目标梯度 ≠ 意志力刻度,接近目标时动力上升，是关于**主观剩余距离**的现象，与意志力存量无关。,B,verified,verified,"Journal of Marketing Research, 43, 39-58",https://business.columbia.edu/faculty/research/goal-gradient-hypothesis-resurrected-purchase-acceleration-illusionary-goal,,,,
102,psych,goal-importance-vs-feasibility,重要性 × 可行性四格,把「重要」和「可行」分开评，才能区分「该做但要先补条件」与「该放弃」。,C,verified,practitioner,决策方法共识,,,,,
103,psych,goal-kill-criteria,预设放弃条件,事先写下什么情况下该放弃或换方向，是对抗沉没成本最有效的手段。,B,verified,canonical,Organizational Behavior and Human Decision Processes,https://psycnet.apa.org/record/1986-03146-001,,,,
104,psych,goal-smart-critique,SMART 的局限与改良,SMART 是有用的检查表，但不是好目标的充分条件——过度追求「可量化」会牺牲真正重要的目标。,C,verified,canonical,目标设定实践共识,,,,,
105,psych,goal-subgoal-shaping,越接近终点越想推：但这不是意志力刻度,接近目标时动力上升是常见现象，但不能据此把低动力解释成「意志力用完了」。,B,verified,canonical,行为科学综合,https://www.thebehavioralscientist.com/glossary/goal-gradient,,,,
106,psych,goal-time-horizon,时间视界要分段：1-4 周 vs 1-4 年,长期目标必须切成短视界执行；一年期目标无法产生心理对照需要的具体画面。,B,verified,canonical,动机研究综述,https://en.wikipedia.org/wiki/Implementation_intention,,,,
107,psych,growth-mindset,成长型思维：能力可增长（但别神化它）,相信能力可通过努力提升，有助于面对挫折——但它的实际效应比流行说法小得多。,C,contested,canonical,Psychological Science,https://en.wikipedia.org/wiki/Mindset,,,,
108,psych,growth-mindset-small-effect,成长型思维：效应比流行说法小得多,相信能力可成长有助面对挫折，但其对学业成绩的平均效应很小，且干预效果不稳定。,A,contested,canonical,"Psychological Science, 29(4), 549-571",https://en.wikipedia.org/wiki/Growth_mindset,,,,
109,psych,habit-goal-gradient-progress,进度可见：越接近越想做（附外推禁令）,剩余距离变短会提高投入——但这个证据主要来自消费与短期任务场景，不能直接当成提分定律。,B,verified,verified,"Journal of Marketing Research, Vol. XLIII (Feb), 39-58",https://business.columbia.edu/faculty/research/goal-gradient-hypothesis-resurrected-purchase-acceleration-illusionary-goal,,,,
110,psych,habit-identity-based,身份认同：成为「每天读书的人」而不是「读书的人」,把目标写成身份描述（我是一个会X 的人）比只写行为描述更容易在干扰后回归。,C,verified,canonical,自我决定论与动机综述,https://en.wikipedia.org/wiki/Self-determination_theory,,,,
111,psych,incentive-weight-loss-evidence,⚠️ 金钱激励：不要过度承诺,金钱与赌注类激励对**健康决策**有效，但对学习/运动/习惯养成的效果显著更弱且不持久。,A,verified,canonical,Health Psychology Review,https://pubmed.ncbi.nlm.nih.gov/17414837/,,,,
112,psych,induction-vs-deduction,⚠️ 抑制 vs 迁移：迁移效应证据弱,「在一种任务上练习自控会迁移到其他任务」这一主张缺乏稳固支持，练习迁移有限。,C,contested,canonical,自我调节研究综述,https://en.wikipedia.org/wiki/Willpower,,,,
113,psych,loss-aversion-twofold,损失厌恶：损失的心理重量约为收益的两倍,同等金额的损失带来的心理冲击约为获得的两倍——这是前景理论的核心发现之一。,A,verified,canonical,"Econometrica, 47(2), 263-291",https://en.wikipedia.org/wiki/Prospect_theory,,,,
114,psych,mental-accounting-sunk,心理账户：钱不是通用的,同样金额的钱在不同来源与用途下被心理上区别对待，这扭曲决策。,A,verified,canonical,Journal of Consumer Research / Journal of Behavioral Decision Making,https://en.wikipedia.org/wiki/Mental_accounting,,,,
115,psych,mental-counterfactual-failure,事前验尸：先假设已经失败，找原因,在开始前假设「这事最后没成」，倒推原因，能提前暴露最可能被忽略的环节。,B,verified,canonical,决策方法（证据弱于 MCII）,https://en.wikipedia.org/wiki/Premortem_analysis,,,,
116,psych,okr-key-result,OKR 与关键结果的用法边界,OKR 适合对齐方向与可验证结果，但学生个人长期目标不必强套——它容易变成指标游戏。,C,verified,practitioner,目标管理实践共识,,,,,
117,psych,past-mortem-template,事前验尸会议模板,让团队假设项目已失败并列出原因，比事后追责更能暴露真实风险。,D,verified,practitioner,项目管理实践共识,,,,,
118,psych,perfectionism-procrastination,完美主义型拖延：怕不够好所以不开始,把「做不好」等同于「失败」的人会宁愿不做；解法是降低单次任务的标准，而不是降低对自己的要求。,B,verified,verified,Social and Personality Psychology Compass / Learning and Individual Differences,https://doi.org/10.1111/spc3.12011,,,,
119,psych,planning-fallacy,规划谬误：几乎总是低估耗时,人对自己的任务完成时间估计系统性偏乐观，且偏差不是随机的。,A,verified,canonical,The Journal of Forecasting,https://en.wikipedia.org/wiki/Planning_fallacy,,,,
120,psych,positive-visualisation-backfire,只做正向想象可能反而消解能量,反复想象成功场景却不设想障碍，会让大脑把目标读作已达成，因而降低行动能量。,A,verified,canonical,动机研究综述,https://en.wikipedia.org/wiki/Implementation_intention,,,,
121,psych,post-reward-reset,达标后动力重置：成功后的风险窗口,拿到一个奖励点后，行为频率会回落到更低水平再重新累积——「刚成功就停摆」有规律。,B,verified,verified,"Journal of Marketing Research, 43, 39-58",https://business.columbia.edu/faculty/research/goal-gradient-hypothesis-resurrected-purchase-acceleration-illusionary-goal,,,,
122,psych,present-bias,当下偏好：即时奖励权重过高,系统的偏好即时回报而非等价的延迟回报——这不只是「意志力弱」，而是偏好本身的结构。,B,verified,canonical,"Economics Letters, 59(3)（页码未核实）",https://www.nber.org/papers/w5995,,,,
123,psych,procrastination-mood-repair,拖延 = 短期情绪修复，不是懒,拖着不做的那几秒确实让当下好过了；代价由未来的自己承担。理解这一点才能选对解法。,A,verified,verified,"Social and Personality Psychology Compass, 7(2), 115-127",https://doi.org/10.1111/spc3.12011,,,,
124,psych,procrastination-regulation,拖延是情绪调节问题，不是时间管理问题,拖的不是没时间，是一想到就难受。解法是降低启动痛苦，而非再加一个番茄钟。,B,verified,verified,Psychological Bulletin,https://en.wikipedia.org/wiki/Procrastination,,,,
125,psych,procrastination-task-types,三类高拖延任务：模糊 / 暴露 / 无聊,不同类型的拖延需要不同解法；用错方法就等于用错药。,B,verified,verified,"Social and Personality Psychology Compass, 7(2), 115-127",https://doi.org/10.1111/spc3.12011,,,,
126,psych,psychological-counterfactual-neg,🔴 负向心理对照：期望低时会适得其反,心理对照并非越用越好：当成功期望本就低时，设想障碍会**让人退出目标**而非激励行动。,A,contested,canonical,动机研究（Oettingen 系列）,https://en.wikipedia.org/wiki/Mental_contrasting,,,,
127,psych,reactance-resistance,心理抗拒：被要求反而更不做,当行为被感知为外部强加时，人会产生恢复自由的冲动，从而做出相反行为。,C,verified,canonical,Academic Press,https://en.wikipedia.org/wiki/Reactance_(psychology),,,,
128,psych,resilience-recovery,复原力：中断后恢复的速度,复原力不是「从不崩溃」，而是**恢复所需时间**；衡量它比衡量强度更有用。,C,verified,canonical,发展与临床心理学综述,https://en.wikipedia.org/wiki/Resilience,,,,
129,psych,resource-conservation-personal,个人精力守恒（自我观察，非理论主张）,把「不安排满」当作保护长期产出能力的策略——这是经验做法，不是已证实的理论。,D,verified,practitioner,实践观察（无实证主张）,,,,,
130,psych,retrospective-review-cadence,复盘要固定节奏，否则变成情绪宣泄,复盘只有在「固定节奏 + 指向下一步动作」时才产生信息；没有节奏的复盘只是抒发感受。,C,verified,canonical,学习与团队实践共识,,,,,
131,psych,review-and-adjust-goal,目标要允许被修改,坚持一个已证明无效的目标不是意志力，是沉没成本；定期复核目标本身是必要动作。,C,verified,canonical,决策方法共识,,,,,
132,psych,self-compassion-neff,自我慈悲优于自我批评,面对失败时，善意加共通性的回应比严厉指责产生更好的自我调节结果。,B,verified,verified,"Self and Identity / Personality and Individual Differences, 48(7), 803-808",https://doi.org/10.1016/j.paid.2010.01.029,,,,
133,psych,self-control-heterogeneity,自控能力存在稳定个体差异,不同人在执行控制上的基线能力不同，但这不决定成败——策略与环境的作用更大。,B,verified,canonical,人格心理学综述 / 2024 习惯系统综述,https://www.bps.org.uk/psychologist/new-year-resolutions-what-makes-them-stick,,,,
134,psych,self-criticism-harms-execution,自我批评会损害后续执行,失误后的自我批评提高压力与负面情绪，因而提高下一次拖延的概率——它是循环的加速器而非刹车。,A,verified,verified,"Personality and Individual Differences, 48(7), 803-808",https://doi.org/10.1016/j.paid.2010.01.029,,,,
135,psych,self-determination-theory,自我决定论：自主、胜任、归属决定内在动机,当学习满足「我自己选的、我做得到、有人一起」三条时，动机最稳。,B,verified,verified,American Psychologist / Springer,https://en.wikipedia.org/wiki/Self-determination_theory,,,,
136,psych,self-forgiveness-cycle-break,自我宽恕打断拖延循环,拖延后自责会加重负面情绪，反而提高下次拖延概率；宽恕自己则降低下次拖延。,B,verified,verified,"Personality and Individual Differences, 48(7), 803-808",https://doi.org/10.1016/j.paid.2010.01.029,,,,
137,psych,social-accountability,社会问责：被看见会改变行为,有真实他人知晓与期待时，行为更容易被坚持；但只有真实问责有效，形式化的「打卡」效果弱。,B,verified,canonical,行为科学综述,https://doi.org/10.1016/S0065-2601(06)38002-1,,,,
138,psych,stress-performance,耶克斯-多德森定律：适度紧张最好，过度就崩,唤醒水平太低（走神）或太高（慌）都不利于表现；中等偏高最优。,C,verified,canonical,Journal of Comparative Neurology and Psychology,https://en.wikipedia.org/wiki/Yerkes%E2%80%93Dodson_law,,,,
139,psych,stress-performance-inverse,压力与表现：中等最好，过高会崩,唤醒水平太低会走神，太高会崩；倒U 关系成立，但最佳点随任务难度移动。,B,verified,canonical,Journal of Comparative and Physiological Psychology,https://en.wikipedia.org/wiki/Yerkes%E2%80%93Dodson_law,,,,
140,psych,stress-reappraisal,压力重评：换解释而不是换情境,改变对压力事件的解读，可以降低其情绪损害；对无法改变的事尤其如此。,B,verified,canonical,情绪调节与压力研究综述,https://en.wikipedia.org/wiki/Cognitive_reappraisal,,,,
141,psych,sunk-cost-ignore-past,沉没成本该被忽略,已经花掉的时间与努力不该影响「接下来该怎么做」的判断——但人几乎总是被它影响。,B,verified,canonical,"Organizational Behavior and Human Decision Processes, 35, 124-140 / Journal of Consumer Research",https://psycnet.apa.org/record/1986-03146-001,,,,
142,psych,suppression-vs-reappraisal,情绪抑制 vs 认知重评,压着情绪不让它出现，需要持续消耗且会削弱后续情绪反应；重新解释则成本低、效果更持久。,B,verified,canonical,Review of General Psychology / Perspectives on Psychological Science,https://en.wikipedia.org/wiki/Cognitive_reappraisal,,,,
143,psych,temptation-bundling,诱惑捆绑：把「想要」绑到「该做」,把即时的快乐活动与延迟回报的行为绑在一起，能显著提高后者执行率——前提是两者能自然配对。,B,verified,verified,"Journal of Marketing Research, 51(4)",https://knowledge.wharton.upenn.edu/?p=13759/,,,,
144,psych,temptation-self-control-strategy,诱惑应对策略清单,对即时诱惑的有效应对集中在四类：提前规避、捆绑替代、事前承诺、事后记账。,B,verified,canonical,"Perspectives on Psychological Science, 6(3), 267-277",https://en.wikipedia.org/wiki/Self-control,,,,
145,psych,test-anxiety-cognitive-only,认知干预 vs 技能干预：差别不小,只改想法不如同时练技能——认知与行为结合的方案效应最大。,A,verified,canonical,Journal of Consulting and Clinical Psychology / School Psychology International,https://researchonline.ljmu.ac.uk/id/eprint/14773/,,,,
146,psych,test-anxiety-intervention,考试焦虑：干预有效，别硬扛,考试焦虑有实证支持的干预方式，效果可达中等以上；持续困扰时优先求助而非自我调节。,A,verified,canonical,Journal of Consulting and Clinical Psychology / School Psychology International,https://www.researchgate.net/publication/25140904_The_Efficacy_of_Interventions_for_Test_Anxiety_in_University_Students,,,,
147,psych,test-anxiety-skill-vs-cbt,考试焦虑干预：技能 vs 认知的分歧,技能型干预（结合行为与学习技能）效应最大，纯认知行为干预效应最小——但两者都有效。,A,verified,canonical,Journal of Consulting and Clinical Psychology / School Psychology International,https://researchonline.ljmu.ac.uk/id/eprint/14773/,,,,
148,psych,when-to-seek-help,🔴 何时该找专业帮助（守门条目）,自我调节方法有边界；持续的情绪困扰需要专业支持而不是更强的自我攻略。,A,verified,canonical,心理健康服务通识（依据各地心理健康服务体系）,https://en.wikipedia.org/wiki/Mental_health,,,,
149,psych,wills-power-model-avoid,别用「意志力有限」解释一切,把失败归因于意志力资源耗尽，是一个未获预注册复制支持的解释；改用动机与环境更可操作。,A,contested,verified,"Psychological Science, 32(10), 1566-1581",https://pubmed.ncbi.nlm.nih.gov/34520296/,,,,
150,psych,woop-mental-contrasting,WOOP：愿望—结果—障碍—计划,先想清障碍再写 if-then，比只做正向激励想象更有效——纯正向想象有时会**降低**能量。,A,verified,verified,"Frontiers in Psychology, 12, 565202",https://doi.org/10.3389/fpsyg.2021.565202,,,,
151,study_skill,cornell-notes,康奈尔笔记：一页分栏，逼出主动加工,把笔记页分成线索、笔记、总结三栏，复习时遮住笔记用线索自我提问。,D,verified,practitioner,大学学习中心资料,,,,,
152,study_skill,deep-work,深度工作：一段无人打扰的高强度专注,同样 2 小时，无干扰的深度工作产出远高于随时被打断的状态。,D,verified,practitioner,Grand Central Publishing,,,,,
153,study_skill,eisenhower-matrix,四象限：先分轻重缓急，再动手,按重要、紧急两维把任务分类，避免被紧急但不重要的事淹没。,D,verified,practitioner,从业者/管理方法,,,,,
154,study_skill,feynman-technique,费曼技巧：讲给外行听，卡住处就是漏洞,用自己的话把概念讲到外行能懂，讲不通的地方就是你其实没懂的地方。,D,verified,practitioner,普及方法（机制有综述支撑）,,,,,
155,study_skill,note-taking-active,笔记要加工不要搬运,抄板书是低效的；把笔记写成自己的话、问题与联系才有价值。,C,verified,canonical,学习科学综述,,,,,
156,study_skill,pomodoro,番茄工作法：25 分钟专注 + 5 分钟休息,把长任务切成短专注单元，降低启动门槛、维持节奏。,D,verified,practitioner,从业者方法（无同行评议证据）,,,,,
157,study_skill,spaced-repetition-tool,间隔重复软件：把复习节奏交给算法,Anki 类工具按遗忘曲线安排复习，把「什么时候复习」这件事自动化。,B,verified,verified,工具+循证原理,https://en.wikipedia.org/wiki/Spaced_repetition,,,,
158,study_skill,sq3r,SQ3R：带着问题读教材,浏览、提问、精读、复述、复习五步，把被动阅读变成主动提取。,C,verified,canonical,Harper & Row,,,,,
159,study_skill,time-blocking,时间块：给每件事预占一段日历,不是列待办，而是把任务放到具体时段；能看见时间去哪了。,D,verified,practitioner,从业者方法,,,,,
160,study_skill,zettelkasten,卡片盒笔记：通过链接让知识长成网络,把每条想法写成独立卡片并互相链接，形成可复用的思考网络。,D,verified,practitioner,从业者方法,,,,,
